Test,Peak VRAM (GB)
baseline,8.89613151550293
fp16,4.966769218444824
fp16_attn,6.828835964202881
full_optimised,6.828835964202881
